date,purchases,unique_invoices,unique_streams,total_views,year_month,revenue,month,year,type
2017-11-01,0,0,0,0,2017-11,0.0,11,2017,train
2017-11-02,0,0,0,0,2017-11,0.0,11,2017,train
2017-11-03,0,0,0,0,2017-11,0.0,11,2017,train
2017-11-04,0,0,0,0,2017-11,0.0,11,2017,train
2017-11-05,0,0,0,0,2017-11,0.0,11,2017,train
2017-11-06,0,0,0,0,2017-11,0.0,11,2017,train
2017-11-07,0,0,0,0,2017-11,0.0,11,2017,train
2017-11-08,0,0,0,0,2017-11,0.0,11,2017,train
2017-11-09,0,0,0,0,2017-11,0.0,11,2017,train
2017-11-10,0,0,0,0,2017-11,0.0,11,2017,train
2017-11-11,0,0,0,0,2017-11,0.0,11,2017,train
2017-11-12,0,0,0,0,2017-11,0.0,11,2017,train
2017-11-13,0,0,0,0,2017-11,0.0,11,2017,train
2017-11-14,0,0,0,0,2017-11,0.0,11,2017,train
2017-11-15,0,0,0,0,2017-11,0.0,11,2017,train
2017-11-16,0,0,0,0,2017-11,0.0,11,2017,train
2017-11-17,0,0,0,0,2017-11,0.0,11,2017,train
2017-11-18,0,0,0,0,2017-11,0.0,11,2017,train
2017-11-19,0,0,0,0,2017-11,0.0,11,2017,train
2017-11-20,0,0,0,0,2017-11,0.0,11,2017,train
2017-11-21,0,0,0,0,2017-11,0.0,11,2017,train
2017-11-22,0,0,0,0,2017-11,0.0,11,2017,train
2017-11-23,0,0,0,0,2017-11,0.0,11,2017,train
2017-11-24,0,0,0,0,2017-11,0.0,11,2017,train
2017-11-25,0,0,0,0,2017-11,0.0,11,2017,train
2017-11-26,0,0,0,0,2017-11,0.0,11,2017,train
2017-11-27,0,0,0,0,2017-11,0.0,11,2017,train
2017-11-28,1,1,1,1,2017-11,130.0,11,2017,train
2017-11-29,0,0,0,0,2017-11,0.0,11,2017,train
2017-11-30,0,0,0,0,2017-11,0.0,11,2017,train
2017-12-01,0,0,0,0,2017-12,0.0,12,2017,train
2017-12-02,0,0,0,0,2017-12,0.0,12,2017,train
2017-12-03,18,1,18,123,2017-12,78.25,12,2017,train
2017-12-04,0,0,0,0,2017-12,0.0,12,2017,train
2017-12-05,0,0,0,0,2017-12,0.0,12,2017,train
2017-12-06,0,0,0,0,2017-12,0.0,12,2017,train
2017-12-07,1,1,1,10,2017-12,0.85,12,2017,train
2017-12-08,0,0,0,0,2017-12,0.0,12,2017,train
2017-12-09,0,0,0,0,2017-12,0.0,12,2017,train
2017-12-10,0,0,0,0,2017-12,0.0,12,2017,train
2017-12-11,0,0,0,0,2017-12,0.0,12,2017,train
2017-12-12,0,0,0,0,2017-12,0.0,12,2017,train
2017-12-13,0,0,0,0,2017-12,0.0,12,2017,train
2017-12-14,0,0,0,0,2017-12,0.0,12,2017,train
2017-12-15,0,0,0,0,2017-12,0.0,12,2017,train
2017-12-16,0,0,0,0,2017-12,0.0,12,2017,train
2017-12-17,0,0,0,0,2017-12,0.0,12,2017,train
2017-12-18,0,0,0,0,2017-12,0.0,12,2017,train
2017-12-19,0,0,0,0,2017-12,0.0,12,2017,train
2017-12-20,0,0,0,0,2017-12,0.0,12,2017,train
2017-12-21,0,0,0,0,2017-12,0.0,12,2017,train
2017-12-22,0,0,0,0,2017-12,0.0,12,2017,train
2017-12-23,0,0,0,0,2017-12,0.0,12,2017,train
2017-12-24,0,0,0,0,2017-12,0.0,12,2017,train
2017-12-25,0,0,0,0,2017-12,0.0,12,2017,train
2017-12-26,0,0,0,0,2017-12,0.0,12,2017,train
2017-12-27,0,0,0,0,2017-12,0.0,12,2017,train
2017-12-28,0,0,0,0,2017-12,0.0,12,2017,train
2017-12-29,0,0,0,0,2017-12,0.0,12,2017,train
2017-12-30,0,0,0,0,2017-12,0.0,12,2017,train
2017-12-31,0,0,0,0,2017-12,0.0,12,2017,train
2018-01-01,0,0,0,0,2018-01,0.0,1,2018,train
2018-01-02,0,0,0,0,2018-01,0.0,1,2018,train
2018-01-03,0,0,0,0,2018-01,0.0,1,2018,train
2018-01-04,0,0,0,0,2018-01,0.0,1,2018,train
2018-01-05,28,1,28,200,2018-01,121.4,1,2018,train
2018-01-06,0,0,0,0,2018-01,0.0,1,2018,train
2018-01-07,0,0,0,0,2018-01,0.0,1,2018,train
2018-01-08,0,0,0,0,2018-01,0.0,1,2018,train
2018-01-09,0,0,0,0,2018-01,0.0,1,2018,train
2018-01-10,1,1,1,3,2018-01,9.95,1,2018,train
2018-01-11,0,0,0,0,2018-01,0.0,1,2018,train
2018-01-12,58,2,57,452,2018-01,203.35999999999999,1,2018,train
2018-01-13,0,0,0,0,2018-01,0.0,1,2018,train
2018-01-14,0,0,0,0,2018-01,0.0,1,2018,train
2018-01-15,0,0,0,0,2018-01,0.0,1,2018,train
2018-01-16,0,0,0,0,2018-01,0.0,1,2018,train
2018-01-17,0,0,0,0,2018-01,0.0,1,2018,train
2018-01-18,0,0,0,0,2018-01,0.0,1,2018,train
2018-01-19,0,0,0,0,2018-01,0.0,1,2018,train
2018-01-20,0,0,0,0,2018-01,0.0,1,2018,train
2018-01-21,0,0,0,0,2018-01,0.0,1,2018,train
2018-01-22,0,0,0,0,2018-01,0.0,1,2018,train
2018-01-23,7,1,7,45,2018-01,28.5,1,2018,train
2018-01-24,0,0,0,0,2018-01,0.0,1,2018,train
2018-01-25,0,0,0,0,2018-01,0.0,1,2018,train
2018-01-26,0,0,0,0,2018-01,0.0,1,2018,train
2018-01-27,0,0,0,0,2018-01,0.0,1,2018,train
2018-01-28,0,0,0,0,2018-01,0.0,1,2018,train
2018-01-29,0,0,0,0,2018-01,0.0,1,2018,train
2018-01-30,0,0,0,0,2018-01,0.0,1,2018,train
2018-01-31,0,0,0,0,2018-01,0.0,1,2018,train
2018-02-01,0,0,0,0,2018-02,0.0,2,2018,train
2018-02-02,0,0,0,0,2018-02,0.0,2,2018,train
2018-02-03,0,0,0,0,2018-02,0.0,2,2018,train
2018-02-04,11,1,11,87,2018-02,35.95,2,2018,train
2018-02-05,0,0,0,0,2018-02,0.0,2,2018,train
2018-02-06,0,0,0,0,2018-02,0.0,2,2018,train
2018-02-07,0,0,0,0,2018-02,0.0,2,2018,train
2018-02-08,0,0,0,0,2018-02,0.0,2,2018,train
2018-02-09,0,0,0,0,2018-02,0.0,2,2018,train
2018-02-10,0,0,0,0,2018-02,0.0,2,2018,train
2018-02-11,0,0,0,0,2018-02,0.0,2,2018,train
2018-02-12,53,3,52,461,2018-02,3166.2299999999996,2,2018,train
2018-02-13,0,0,0,0,2018-02,0.0,2,2018,train
2018-02-14,0,0,0,0,2018-02,0.0,2,2018,train
2018-02-15,0,0,0,0,2018-02,0.0,2,2018,train
2018-02-16,0,0,0,0,2018-02,0.0,2,2018,train
2018-02-17,0,0,0,0,2018-02,0.0,2,2018,train
2018-02-18,0,0,0,0,2018-02,0.0,2,2018,train
2018-02-19,0,0,0,0,2018-02,0.0,2,2018,train
2018-02-20,0,0,0,0,2018-02,0.0,2,2018,train
2018-02-21,0,0,0,0,2018-02,0.0,2,2018,train
2018-02-22,0,0,0,0,2018-02,0.0,2,2018,train
2018-02-23,0,0,0,0,2018-02,0.0,2,2018,train
2018-02-24,0,0,0,0,2018-02,0.0,2,2018,train
2018-02-25,0,0,0,0,2018-02,0.0,2,2018,train
2018-02-26,0,0,0,0,2018-02,0.0,2,2018,train
2018-02-27,0,0,0,0,2018-02,0.0,2,2018,train
2018-02-28,1,1,1,1,2018-02,200.0,2,2018,train
2018-03-01,0,0,0,0,2018-03,0.0,3,2018,train
2018-03-02,46,2,44,337,2018-03,173.6,3,2018,train
2018-03-03,0,0,0,0,2018-03,0.0,3,2018,train
2018-03-04,0,0,0,0,2018-03,0.0,3,2018,train
2018-03-05,0,0,0,0,2018-03,0.0,3,2018,train
2018-03-06,0,0,0,0,2018-03,0.0,3,2018,train
2018-03-07,0,0,0,0,2018-03,0.0,3,2018,train
2018-03-08,0,0,0,0,2018-03,0.0,3,2018,train
2018-03-09,0,0,0,0,2018-03,0.0,3,2018,train
2018-03-10,0,0,0,0,2018-03,0.0,3,2018,train
2018-03-11,0,0,0,0,2018-03,0.0,3,2018,train
2018-03-12,0,0,0,0,2018-03,0.0,3,2018,train
2018-03-13,0,0,0,0,2018-03,0.0,3,2018,train
2018-03-14,0,0,0,0,2018-03,0.0,3,2018,train
2018-03-15,0,0,0,0,2018-03,0.0,3,2018,train
2018-03-16,0,0,0,0,2018-03,0.0,3,2018,train
2018-03-17,0,0,0,0,2018-03,0.0,3,2018,train
2018-03-18,0,0,0,0,2018-03,0.0,3,2018,train
2018-03-19,0,0,0,0,2018-03,0.0,3,2018,train
2018-03-20,0,0,0,0,2018-03,0.0,3,2018,train
2018-03-21,0,0,0,0,2018-03,0.0,3,2018,train
2018-03-22,0,0,0,0,2018-03,0.0,3,2018,train
2018-03-23,0,0,0,0,2018-03,0.0,3,2018,train
2018-03-24,0,0,0,0,2018-03,0.0,3,2018,train
2018-03-25,0,0,0,0,2018-03,0.0,3,2018,train
2018-03-26,0,0,0,0,2018-03,0.0,3,2018,train
2018-03-27,0,0,0,0,2018-03,0.0,3,2018,train
2018-03-28,0,0,0,0,2018-03,0.0,3,2018,train
2018-03-29,14,1,14,85,2018-03,63.370000000000005,3,2018,train
2018-03-30,0,0,0,0,2018-03,0.0,3,2018,train
2018-03-31,0,0,0,0,2018-03,0.0,3,2018,train
2018-04-01,0,0,0,0,2018-04,0.0,4,2018,train
2018-04-02,0,0,0,0,2018-04,0.0,4,2018,train
2018-04-03,0,0,0,0,2018-04,0.0,4,2018,train
2018-04-04,0,0,0,0,2018-04,0.0,4,2018,train
2018-04-05,0,0,0,0,2018-04,0.0,4,2018,train
2018-04-06,0,0,0,0,2018-04,0.0,4,2018,train
2018-04-07,0,0,0,0,2018-04,0.0,4,2018,train
2018-04-08,0,0,0,0,2018-04,0.0,4,2018,train
2018-04-09,1,1,1,1,2018-04,8.5,4,2018,train
2018-04-10,0,0,0,0,2018-04,0.0,4,2018,train
2018-04-11,0,0,0,0,2018-04,0.0,4,2018,train
2018-04-12,0,0,0,0,2018-04,0.0,4,2018,train
2018-04-13,52,1,52,445,2018-04,136.82000000000002,4,2018,train
2018-04-14,0,0,0,0,2018-04,0.0,4,2018,train
2018-04-15,17,1,17,168,2018-04,54.35,4,2018,train
2018-04-16,0,0,0,0,2018-04,0.0,4,2018,train
2018-04-17,0,0,0,0,2018-04,0.0,4,2018,train
2018-04-18,1,1,1,2,2018-04,12.75,4,2018,train
2018-04-19,0,0,0,0,2018-04,0.0,4,2018,train
2018-04-20,0,0,0,0,2018-04,0.0,4,2018,train
2018-04-21,0,0,0,0,2018-04,0.0,4,2018,train
2018-04-22,0,0,0,0,2018-04,0.0,4,2018,train
2018-04-23,0,0,0,0,2018-04,0.0,4,2018,train
2018-04-24,0,0,0,0,2018-04,0.0,4,2018,train
2018-04-25,32,1,32,286,2018-04,100.06,4,2018,train
2018-04-26,0,0,0,0,2018-04,0.0,4,2018,train
2018-04-27,0,0,0,0,2018-04,0.0,4,2018,train
2018-04-28,0,0,0,0,2018-04,0.0,4,2018,train
2018-04-29,0,0,0,0,2018-04,0.0,4,2018,train
2018-04-30,0,0,0,0,2018-04,0.0,4,2018,train
2018-05-01,0,0,0,0,2018-05,0.0,5,2018,train
2018-05-02,1,1,1,1,2018-05,1.65,5,2018,train
2018-05-03,0,0,0,0,2018-05,0.0,5,2018,train
2018-05-04,0,0,0,0,2018-05,0.0,5,2018,train
2018-05-05,0,0,0,0,2018-05,0.0,5,2018,train
2018-05-06,6,1,6,38,2018-05,27.15,5,2018,train
2018-05-07,0,0,0,0,2018-05,0.0,5,2018,train
2018-05-08,0,0,0,0,2018-05,0.0,5,2018,train
2018-05-09,0,0,0,0,2018-05,0.0,5,2018,train
2018-05-10,0,0,0,0,2018-05,0.0,5,2018,train
2018-05-11,0,0,0,0,2018-05,0.0,5,2018,train
2018-05-12,0,0,0,0,2018-05,0.0,5,2018,train
2018-05-13,0,0,0,0,2018-05,0.0,5,2018,train
2018-05-14,0,0,0,0,2018-05,0.0,5,2018,train
2018-05-15,0,0,0,0,2018-05,0.0,5,2018,train
2018-05-16,0,0,0,0,2018-05,0.0,5,2018,train
2018-05-17,0,0,0,0,2018-05,0.0,5,2018,train
2018-05-18,0,0,0,0,2018-05,0.0,5,2018,train
2018-05-19,0,0,0,0,2018-05,0.0,5,2018,train
2018-05-20,0,0,0,0,2018-05,0.0,5,2018,train
2018-05-21,0,0,0,0,2018-05,0.0,5,2018,train
2018-05-22,0,0,0,0,2018-05,0.0,5,2018,train
2018-05-23,0,0,0,0,2018-05,0.0,5,2018,train
2018-05-24,0,0,0,0,2018-05,0.0,5,2018,train
2018-05-25,0,0,0,0,2018-05,0.0,5,2018,train
2018-05-26,0,0,0,0,2018-05,0.0,5,2018,train
2018-05-27,0,0,0,0,2018-05,0.0,5,2018,train
2018-05-28,0,0,0,0,2018-05,0.0,5,2018,train
2018-05-29,0,0,0,0,2018-05,0.0,5,2018,train
2018-05-30,0,0,0,0,2018-05,0.0,5,2018,train
2018-05-31,26,1,26,218,2018-05,83.33,5,2018,train
2018-06-01,0,0,0,0,2018-06,0.0,6,2018,train
2018-06-02,0,0,0,0,2018-06,0.0,6,2018,train
2018-06-03,0,0,0,0,2018-06,0.0,6,2018,train
2018-06-04,0,0,0,0,2018-06,0.0,6,2018,train
2018-06-05,0,0,0,0,2018-06,0.0,6,2018,train
2018-06-06,0,0,0,0,2018-06,0.0,6,2018,train
2018-06-07,0,0,0,0,2018-06,0.0,6,2018,train
2018-06-08,0,0,0,0,2018-06,0.0,6,2018,train
2018-06-09,0,0,0,0,2018-06,0.0,6,2018,train
2018-06-10,0,0,0,0,2018-06,0.0,6,2018,train
2018-06-11,0,0,0,0,2018-06,0.0,6,2018,train
2018-06-12,0,0,0,0,2018-06,0.0,6,2018,train
2018-06-13,0,0,0,0,2018-06,0.0,6,2018,train
2018-06-14,16,1,16,49,2018-06,164.35,6,2018,train
2018-06-15,0,0,0,0,2018-06,0.0,6,2018,train
2018-06-16,0,0,0,0,2018-06,0.0,6,2018,train
2018-06-17,0,0,0,0,2018-06,0.0,6,2018,train
2018-06-18,0,0,0,0,2018-06,0.0,6,2018,train
2018-06-19,0,0,0,0,2018-06,0.0,6,2018,train
2018-06-20,18,1,18,139,2018-06,60.79,6,2018,train
2018-06-21,0,0,0,0,2018-06,0.0,6,2018,train
2018-06-22,0,0,0,0,2018-06,0.0,6,2018,train
2018-06-23,0,0,0,0,2018-06,0.0,6,2018,train
2018-06-24,0,0,0,0,2018-06,0.0,6,2018,train
2018-06-25,1,1,1,4,2018-06,9.95,6,2018,train
2018-06-26,76,4,73,694,2018-06,419.79999999999995,6,2018,train
2018-06-27,1,1,1,2,2018-06,1.25,6,2018,train
2018-06-28,0,0,0,0,2018-06,0.0,6,2018,train
2018-06-29,0,0,0,0,2018-06,0.0,6,2018,train
2018-06-30,0,0,0,0,2018-06,0.0,6,2018,train
2018-07-01,0,0,0,0,2018-07,0.0,7,2018,train
2018-07-02,0,0,0,0,2018-07,0.0,7,2018,train
2018-07-03,11,1,11,92,2018-07,36.89999999999999,7,2018,train
2018-07-04,0,0,0,0,2018-07,0.0,7,2018,train
2018-07-05,21,1,21,236,2018-07,33.31,7,2018,train
2018-07-06,0,0,0,0,2018-07,0.0,7,2018,train
2018-07-07,0,0,0,0,2018-07,0.0,7,2018,train
2018-07-08,0,0,0,0,2018-07,0.0,7,2018,train
2018-07-09,0,0,0,0,2018-07,0.0,7,2018,train
2018-07-10,0,0,0,0,2018-07,0.0,7,2018,train
2018-07-11,0,0,0,0,2018-07,0.0,7,2018,train
2018-07-12,0,0,0,0,2018-07,0.0,7,2018,train
2018-07-13,0,0,0,0,2018-07,0.0,7,2018,train
2018-07-14,0,0,0,0,2018-07,0.0,7,2018,train
2018-07-15,0,0,0,0,2018-07,0.0,7,2018,train
2018-07-16,31,2,31,285,2018-07,104.15999999999998,7,2018,train
2018-07-17,0,0,0,0,2018-07,0.0,7,2018,train
2018-07-18,11,1,11,99,2018-07,40.84,7,2018,train
2018-07-19,0,0,0,0,2018-07,0.0,7,2018,train
2018-07-20,0,0,0,0,2018-07,0.0,7,2018,train
2018-07-21,0,0,0,0,2018-07,0.0,7,2018,train
2018-07-22,20,1,20,141,2018-07,64.67,7,2018,train
2018-07-23,0,0,0,0,2018-07,0.0,7,2018,train
2018-07-24,0,0,0,0,2018-07,0.0,7,2018,train
2018-07-25,0,0,0,0,2018-07,0.0,7,2018,train
2018-07-26,10,1,10,100,2018-07,32.97,7,2018,train
2018-07-27,0,0,0,0,2018-07,0.0,7,2018,train
2018-07-28,0,0,0,0,2018-07,0.0,7,2018,train
2018-07-29,0,0,0,0,2018-07,0.0,7,2018,train
2018-07-30,16,1,16,127,2018-07,56.190000000000005,7,2018,train
2018-07-31,0,0,0,0,2018-07,0.0,7,2018,train
2018-08-01,0,0,0,0,2018-08,0.0,8,2018,train
2018-08-02,0,0,0,0,2018-08,0.0,8,2018,train
2018-08-03,0,0,0,0,2018-08,0.0,8,2018,train
2018-08-04,0,0,0,0,2018-08,0.0,8,2018,train
2018-08-05,0,0,0,0,2018-08,0.0,8,2018,train
2018-08-06,0,0,0,0,2018-08,0.0,8,2018,train
2018-08-07,0,0,0,0,2018-08,0.0,8,2018,train
2018-08-08,0,0,0,0,2018-08,0.0,8,2018,train
2018-08-09,0,0,0,0,2018-08,0.0,8,2018,train
2018-08-10,0,0,0,0,2018-08,0.0,8,2018,train
2018-08-11,0,0,0,0,2018-08,0.0,8,2018,train
2018-08-12,0,0,0,0,2018-08,0.0,8,2018,train
2018-08-13,0,0,0,0,2018-08,0.0,8,2018,train
2018-08-14,0,0,0,0,2018-08,0.0,8,2018,train
2018-08-15,0,0,0,0,2018-08,0.0,8,2018,train
2018-08-16,0,0,0,0,2018-08,0.0,8,2018,train
2018-08-17,0,0,0,0,2018-08,0.0,8,2018,train
2018-08-18,0,0,0,0,2018-08,0.0,8,2018,train
2018-08-19,17,1,17,155,2018-08,53.45,8,2018,train
2018-08-20,0,0,0,0,2018-08,0.0,8,2018,train
2018-08-21,0,0,0,0,2018-08,0.0,8,2018,train
2018-08-22,0,0,0,0,2018-08,0.0,8,2018,train
2018-08-23,0,0,0,0,2018-08,0.0,8,2018,train
2018-08-24,0,0,0,0,2018-08,0.0,8,2018,train
2018-08-25,0,0,0,0,2018-08,0.0,8,2018,train
2018-08-26,0,0,0,0,2018-08,0.0,8,2018,train
2018-08-27,0,0,0,0,2018-08,0.0,8,2018,train
2018-08-28,45,1,45,420,2018-08,127.06000000000002,8,2018,train
2018-08-29,0,0,0,0,2018-08,0.0,8,2018,train
2018-08-30,0,0,0,0,2018-08,0.0,8,2018,train
2018-08-31,6,1,6,60,2018-08,23.25,8,2018,train
2018-09-01,0,0,0,0,2018-09,0.0,9,2018,train
2018-09-02,0,0,0,0,2018-09,0.0,9,2018,train
2018-09-03,0,0,0,0,2018-09,0.0,9,2018,train
2018-09-04,0,0,0,0,2018-09,0.0,9,2018,train
2018-09-05,0,0,0,0,2018-09,0.0,9,2018,train
2018-09-06,18,1,18,115,2018-09,78.86,9,2018,train
2018-09-07,0,0,0,0,2018-09,0.0,9,2018,train
2018-09-08,0,0,0,0,2018-09,0.0,9,2018,train
2018-09-09,0,0,0,0,2018-09,0.0,9,2018,train
2018-09-10,0,0,0,0,2018-09,0.0,9,2018,train
2018-09-11,0,0,0,0,2018-09,0.0,9,2018,train
2018-09-12,25,2,21,235,2018-09,64.24,9,2018,train
2018-09-13,0,0,0,0,2018-09,0.0,9,2018,train
2018-09-14,0,0,0,0,2018-09,0.0,9,2018,train
2018-09-15,0,0,0,0,2018-09,0.0,9,2018,train
2018-09-16,0,0,0,0,2018-09,0.0,9,2018,train
2018-09-17,17,1,17,100,2018-09,87.55,9,2018,train
2018-09-18,0,0,0,0,2018-09,0.0,9,2018,train
2018-09-19,0,0,0,0,2018-09,0.0,9,2018,train
2018-09-20,0,0,0,0,2018-09,0.0,9,2018,train
2018-09-21,0,0,0,0,2018-09,0.0,9,2018,train
2018-09-22,0,0,0,0,2018-09,0.0,9,2018,train
2018-09-23,0,0,0,0,2018-09,0.0,9,2018,train
2018-09-24,0,0,0,0,2018-09,0.0,9,2018,train
2018-09-25,1,1,1,3,2018-09,0.85,9,2018,train
2018-09-26,0,0,0,0,2018-09,0.0,9,2018,train
2018-09-27,0,0,0,0,2018-09,0.0,9,2018,train
2018-09-28,0,0,0,0,2018-09,0.0,9,2018,train
2018-09-29,0,0,0,0,2018-09,0.0,9,2018,train
2018-09-30,0,0,0,0,2018-09,0.0,9,2018,train
2018-10-01,0,0,0,0,2018-10,0.0,10,2018,train
2018-10-02,0,0,0,0,2018-10,0.0,10,2018,train
2018-10-03,5,1,5,35,2018-10,25.299999999999997,10,2018,train
2018-10-04,0,0,0,0,2018-10,0.0,10,2018,train
2018-10-05,0,0,0,0,2018-10,0.0,10,2018,train
2018-10-06,0,0,0,0,2018-10,0.0,10,2018,train
2018-10-07,0,0,0,0,2018-10,0.0,10,2018,train
2018-10-08,0,0,0,0,2018-10,0.0,10,2018,train
2018-10-09,0,0,0,0,2018-10,0.0,10,2018,train
2018-10-10,23,1,23,212,2018-10,60.109999999999985,10,2018,train
2018-10-11,0,0,0,0,2018-10,0.0,10,2018,train
2018-10-12,15,1,15,71,2018-10,124.40000000000002,10,2018,train
2018-10-13,0,0,0,0,2018-10,0.0,10,2018,train
2018-10-14,0,0,0,0,2018-10,0.0,10,2018,train
2018-10-15,0,0,0,0,2018-10,0.0,10,2018,train
2018-10-16,0,0,0,0,2018-10,0.0,10,2018,train
2018-10-17,0,0,0,0,2018-10,0.0,10,2018,train
2018-10-18,0,0,0,0,2018-10,0.0,10,2018,train
2018-10-19,0,0,0,0,2018-10,0.0,10,2018,train
2018-10-20,0,0,0,0,2018-10,0.0,10,2018,train
2018-10-21,0,0,0,0,2018-10,0.0,10,2018,train
2018-10-22,17,1,17,75,2018-10,116.6,10,2018,train
2018-10-23,0,0,0,0,2018-10,0.0,10,2018,train
2018-10-24,0,0,0,0,2018-10,0.0,10,2018,train
2018-10-25,0,0,0,0,2018-10,0.0,10,2018,train
2018-10-26,18,1,18,134,2018-10,60.230000000000004,10,2018,train
2018-10-27,0,0,0,0,2018-10,0.0,10,2018,train
2018-10-28,0,0,0,0,2018-10,0.0,10,2018,train
2018-10-29,0,0,0,0,2018-10,0.0,10,2018,train
2018-10-30,0,0,0,0,2018-10,0.0,10,2018,train
2018-10-31,1,1,1,3,2018-10,1.25,10,2018,train
2018-11-01,0,0,0,0,2018-11,0.0,11,2018,train
2018-11-02,0,0,0,0,2018-11,0.0,11,2018,train
2018-11-03,0,0,0,0,2018-11,0.0,11,2018,train
2018-11-04,0,0,0,0,2018-11,0.0,11,2018,train
2018-11-05,0,0,0,0,2018-11,0.0,11,2018,train
2018-11-06,0,0,0,0,2018-11,0.0,11,2018,train
2018-11-07,53,1,53,472,2018-11,136.67000000000002,11,2018,train
2018-11-08,0,0,0,0,2018-11,0.0,11,2018,train
2018-11-09,11,1,11,63,2018-11,39.0,11,2018,train
2018-11-10,0,0,0,0,2018-11,0.0,11,2018,train
2018-11-11,0,0,0,0,2018-11,0.0,11,2018,train
2018-11-12,0,0,0,0,2018-11,0.0,11,2018,train
2018-11-13,0,0,0,0,2018-11,0.0,11,2018,train
2018-11-14,27,1,27,275,2018-11,59.09,11,2018,train
2018-11-15,0,0,0,0,2018-11,0.0,11,2018,train
2018-11-16,65,3,55,633,2018-11,205.81000000000003,11,2018,train
2018-11-17,0,0,0,0,2018-11,0.0,11,2018,train
2018-11-18,0,0,0,0,2018-11,0.0,11,2018,train
2018-11-19,0,0,0,0,2018-11,0.0,11,2018,train
2018-11-20,3,1,3,7,2018-11,8.850000000000001,11,2018,train
2018-11-21,0,0,0,0,2018-11,0.0,11,2018,train
2018-11-22,68,3,66,571,2018-11,255.51999999999998,11,2018,train
2018-11-23,0,0,0,0,2018-11,0.0,11,2018,train
2018-11-24,0,0,0,0,2018-11,0.0,11,2018,train
2018-11-25,0,0,0,0,2018-11,0.0,11,2018,train
2018-11-26,0,0,0,0,2018-11,0.0,11,2018,train
2018-11-27,0,0,0,0,2018-11,0.0,11,2018,train
2018-11-28,0,0,0,0,2018-11,0.0,11,2018,train
2018-11-29,0,0,0,0,2018-11,0.0,11,2018,train
2018-11-30,24,1,12,222,2018-11,74.82000000000001,11,2018,train
2018-12-01,0,0,0,0,2018-12,0.0,12,2018,train
2018-12-02,0,0,0,0,2018-12,0.0,12,2018,train
2018-12-03,0,0,0,0,2018-12,0.0,12,2018,train
2018-12-04,0,0,0,0,2018-12,0.0,12,2018,train
2018-12-05,0,0,0,0,2018-12,0.0,12,2018,train
2018-12-06,0,0,0,0,2018-12,0.0,12,2018,train
2018-12-07,0,0,0,0,2018-12,0.0,12,2018,train
2018-12-08,0,0,0,0,2018-12,0.0,12,2018,train
2018-12-09,0,0,0,0,2018-12,0.0,12,2018,train
2018-12-10,0,0,0,0,2018-12,0.0,12,2018,train
2018-12-11,0,0,0,0,2018-12,0.0,12,2018,train
2018-12-12,0,0,0,0,2018-12,0.0,12,2018,train
2018-12-13,0,0,0,0,2018-12,0.0,12,2018,train
2018-12-14,30,2,28,220,2018-12,144.71999999999997,12,2018,train
2018-12-15,0,0,0,0,2018-12,0.0,12,2018,train
2018-12-16,0,0,0,0,2018-12,0.0,12,2018,train
2018-12-17,0,0,0,0,2018-12,0.0,12,2018,train
2018-12-18,16,1,16,137,2018-12,42.19,12,2018,train
2018-12-19,37,1,37,471,2018-12,49.03000000000001,12,2018,train
2018-12-20,0,0,0,0,2018-12,0.0,12,2018,train
2018-12-21,0,0,0,0,2018-12,0.0,12,2018,train
2018-12-22,0,0,0,0,2018-12,0.0,12,2018,train
2018-12-23,0,0,0,0,2018-12,0.0,12,2018,train
2018-12-24,0,0,0,0,2018-12,0.0,12,2018,train
2018-12-25,0,0,0,0,2018-12,0.0,12,2018,train
2018-12-26,0,0,0,0,2018-12,0.0,12,2018,train
2018-12-27,0,0,0,0,2018-12,0.0,12,2018,train
2018-12-28,0,0,0,0,2018-12,0.0,12,2018,train
2018-12-29,0,0,0,0,2018-12,0.0,12,2018,train
2018-12-30,0,0,0,0,2018-12,0.0,12,2018,train
2018-12-31,0,0,0,0,2018-12,0.0,12,2018,train
2019-01-01,0,0,0,0,2019-01,0.0,1,2019,train
2019-01-02,1,1,1,1,2019-01,2.95,1,2019,train
2019-01-03,3,1,3,3,2019-01,19.25,1,2019,train
2019-01-04,0,0,0,0,2019-01,0.0,1,2019,train
2019-01-05,0,0,0,0,2019-01,0.0,1,2019,train
2019-01-06,0,0,0,0,2019-01,0.0,1,2019,train
2019-01-07,0,0,0,0,2019-01,0.0,1,2019,train
2019-01-08,0,0,0,0,2019-01,0.0,1,2019,train
2019-01-09,31,1,31,310,2019-01,73.20999999999998,1,2019,train
2019-01-10,0,0,0,0,2019-01,0.0,1,2019,train
2019-01-11,0,0,0,0,2019-01,0.0,1,2019,train
2019-01-12,0,0,0,0,2019-01,0.0,1,2019,train
2019-01-13,0,0,0,0,2019-01,0.0,1,2019,train
2019-01-14,0,0,0,0,2019-01,0.0,1,2019,train
2019-01-15,0,0,0,0,2019-01,0.0,1,2019,train
2019-01-16,1,1,1,1,2019-01,3.75,1,2019,train
2019-01-17,11,1,11,94,2019-01,36.2,1,2019,train
2019-01-18,0,0,0,0,2019-01,0.0,1,2019,train
2019-01-19,0,0,0,0,2019-01,0.0,1,2019,train
2019-01-20,0,0,0,0,2019-01,0.0,1,2019,train
2019-01-21,0,0,0,0,2019-01,0.0,1,2019,train
2019-01-22,16,1,16,94,2019-01,90.47,1,2019,train
2019-01-23,0,0,0,0,2019-01,0.0,1,2019,train
2019-01-24,0,0,0,0,2019-01,0.0,1,2019,train
2019-01-25,0,0,0,0,2019-01,0.0,1,2019,train
2019-01-26,0,0,0,0,2019-01,0.0,1,2019,train
2019-01-27,0,0,0,0,2019-01,0.0,1,2019,train
2019-01-28,0,0,0,0,2019-01,0.0,1,2019,train
2019-01-29,0,0,0,0,2019-01,0.0,1,2019,train
2019-01-30,0,0,0,0,2019-01,0.0,1,2019,train
2019-01-31,6,1,6,21,2019-01,64.45,1,2019,train
2019-02-01,0,0,0,0,2019-02,0.0,2,2019,train
2019-02-02,0,0,0,0,2019-02,0.0,2,2019,train
2019-02-03,0,0,0,0,2019-02,0.0,2,2019,train
2019-02-04,0,0,0,0,2019-02,0.0,2,2019,train
2019-02-05,0,0,0,0,2019-02,0.0,2,2019,train
2019-02-06,5,1,5,11,2019-02,48.4,2,2019,train
2019-02-07,0,0,0,0,2019-02,0.0,2,2019,train
2019-02-08,14,1,14,146,2019-02,35.27,2,2019,train
2019-02-09,0,0,0,0,2019-02,0.0,2,2019,train
2019-02-10,0,0,0,0,2019-02,0.0,2,2019,train
2019-02-11,0,0,0,0,2019-02,0.0,2,2019,train
2019-02-12,0,0,0,0,2019-02,0.0,2,2019,train
2019-02-13,0,0,0,0,2019-02,0.0,2,2019,train
2019-02-14,64,2,62,494,2019-02,208.39999999999998,2,2019,train
2019-02-15,1,1,1,4,2019-02,4.95,2,2019,train
2019-02-16,0,0,0,0,2019-02,0.0,2,2019,train
2019-02-17,0,0,0,0,2019-02,0.0,2,2019,train
2019-02-18,15,1,15,153,2019-02,35.290000000000006,2,2019,train
2019-02-19,0,0,0,0,2019-02,0.0,2,2019,train
2019-02-20,0,0,0,0,2019-02,0.0,2,2019,train
2019-02-21,2,1,2,7,2019-02,4.9,2,2019,train
2019-02-22,10,1,10,91,2019-02,33.349999999999994,2,2019,train
2019-02-23,0,0,0,0,2019-02,0.0,2,2019,train
2019-02-24,0,0,0,0,2019-02,0.0,2,2019,train
2019-02-25,3,1,3,15,2019-02,32.5,2,2019,train
2019-02-26,26,1,26,171,2019-02,114.81,2,2019,train
2019-02-27,0,0,0,0,2019-02,0.0,2,2019,train
2019-02-28,19,1,19,109,2019-02,127.17,2,2019,train
2019-03-01,0,0,0,0,2019-03,0.0,3,2019,train
2019-03-02,0,0,0,0,2019-03,0.0,3,2019,train
2019-03-03,0,0,0,0,2019-03,0.0,3,2019,train
2019-03-04,0,0,0,0,2019-03,0.0,3,2019,train
2019-03-05,0,0,0,0,2019-03,0.0,3,2019,train
2019-03-06,0,0,0,0,2019-03,0.0,3,2019,train
2019-03-07,2,1,2,7,2019-03,10.15,3,2019,train
2019-03-08,0,0,0,0,2019-03,0.0,3,2019,train
2019-03-09,0,0,0,0,2019-03,0.0,3,2019,train
2019-03-10,0,0,0,0,2019-03,0.0,3,2019,train
2019-03-11,15,1,15,91,2019-03,83.28999999999999,3,2019,train
2019-03-12,0,0,0,0,2019-03,0.0,3,2019,train
2019-03-13,0,0,0,0,2019-03,0.0,3,2019,train
2019-03-14,0,0,0,0,2019-03,0.0,3,2019,train
2019-03-15,0,0,0,0,2019-03,0.0,3,2019,train
2019-03-16,0,0,0,0,2019-03,0.0,3,2019,train
2019-03-17,15,1,15,146,2019-03,35.71,3,2019,train
2019-03-18,20,1,20,133,2019-03,91.05000000000001,3,2019,train
2019-03-19,0,0,0,0,2019-03,0.0,3,2019,train
2019-03-20,30,2,29,347,2019-03,59.64000000000001,3,2019,train
2019-03-21,36,2,36,328,2019-03,119.51,3,2019,train
2019-03-22,0,0,0,0,2019-03,0.0,3,2019,train
2019-03-23,0,0,0,0,2019-03,0.0,3,2019,train
2019-03-24,0,0,0,0,2019-03,0.0,3,2019,train
2019-03-25,0,0,0,0,2019-03,0.0,3,2019,train
2019-03-26,0,0,0,0,2019-03,0.0,3,2019,train
2019-03-27,0,0,0,0,2019-03,0.0,3,2019,train
2019-03-28,0,0,0,0,2019-03,0.0,3,2019,train
2019-03-29,0,0,0,0,2019-03,0.0,3,2019,train
2019-03-30,0,0,0,0,2019-03,0.0,3,2019,train
2019-03-31,0,0,0,0,2019-03,0.0,3,2019,train
2019-04-01,0,0,0,0,2019-04,0.0,4,2019,train
2019-04-02,0,0,0,0,2019-04,0.0,4,2019,train
2019-04-03,0,0,0,0,2019-04,0.0,4,2019,train
2019-04-04,23,2,23,198,2019-04,50.32,4,2019,train
2019-04-05,1,1,1,2,2019-04,4.95,4,2019,train
2019-04-06,0,0,0,0,2019-04,0.0,4,2019,train
2019-04-07,26,1,26,190,2019-04,92.92999999999999,4,2019,train
2019-04-08,0,0,0,0,2019-04,0.0,4,2019,train
2019-04-09,21,2,20,178,2019-04,63.02,4,2019,train
2019-04-10,0,0,0,0,2019-04,0.0,4,2019,train
2019-04-11,0,0,0,0,2019-04,0.0,4,2019,train
2019-04-12,11,1,11,77,2019-04,50.480000000000004,4,2019,train
2019-04-13,0,0,0,0,2019-04,0.0,4,2019,train
2019-04-14,0,0,0,0,2019-04,0.0,4,2019,train
2019-04-15,12,1,12,112,2019-04,42.97999999999999,4,2019,train
2019-04-16,0,0,0,0,2019-04,0.0,4,2019,train
2019-04-17,0,0,0,0,2019-04,0.0,4,2019,train
2019-04-18,0,0,0,0,2019-04,0.0,4,2019,train
2019-04-19,0,0,0,0,2019-04,0.0,4,2019,train
2019-04-20,0,0,0,0,2019-04,0.0,4,2019,train
2019-04-21,0,0,0,0,2019-04,0.0,4,2019,train
2019-04-22,0,0,0,0,2019-04,0.0,4,2019,train
2019-04-23,0,0,0,0,2019-04,0.0,4,2019,train
2019-04-24,0,0,0,0,2019-04,0.0,4,2019,train
2019-04-25,29,1,29,230,2019-04,84.13,4,2019,train
2019-04-26,0,0,0,0,2019-04,0.0,4,2019,train
2019-04-27,0,0,0,0,2019-04,0.0,4,2019,train
2019-04-28,0,0,0,0,2019-04,0.0,4,2019,train
2019-04-29,0,0,0,0,2019-04,0.0,4,2019,train
2019-04-30,0,0,0,0,2019-04,0.0,4,2019,train
2019-05-01,0,0,0,0,2019-05,0.0,5,2019,train
2019-05-02,11,1,11,72,2019-05,51.01,5,2019,train
2019-05-03,21,1,21,182,2019-05,63.32,5,2019,train
2019-05-04,0,0,0,0,2019-05,0.0,5,2019,train
2019-05-05,0,0,0,0,2019-05,0.0,5,2019,train
2019-05-06,0,0,0,0,2019-05,0.0,5,2019,train
2019-05-07,22,1,22,240,2019-05,45.05,5,2019,train
2019-05-08,0,0,0,0,2019-05,0.0,5,2019,train
2019-05-09,13,1,13,83,2019-05,53.309999999999995,5,2019,train
2019-05-10,0,0,0,0,2019-05,0.0,5,2019,train
2019-05-11,0,0,0,0,2019-05,0.0,5,2019,train
2019-05-12,0,0,0,0,2019-05,0.0,5,2019,train
2019-05-13,0,0,0,0,2019-05,0.0,5,2019,train
2019-05-14,18,1,18,168,2019-05,62.779999999999994,5,2019,train
2019-05-15,0,0,0,0,2019-05,0.0,5,2019,train
2019-05-16,0,0,0,0,2019-05,0.0,5,2019,train
2019-05-17,0,0,0,0,2019-05,0.0,5,2019,train
2019-05-18,0,0,0,0,2019-05,0.0,5,2019,train
2019-05-19,0,0,0,0,2019-05,0.0,5,2019,train
2019-05-20,28,3,27,179,2019-05,149.23,5,2019,train
2019-05-21,2,1,2,4,2019-05,2.7,5,2019,train
2019-05-22,0,0,0,0,2019-05,0.0,5,2019,train
2019-05-23,0,0,0,0,2019-05,0.0,5,2019,train
2019-05-24,34,1,34,278,2019-05,77.55999999999999,5,2019,train
2019-05-25,0,0,0,0,2019-05,0.0,5,2019,train
2019-05-26,0,0,0,0,2019-05,0.0,5,2019,train
2019-05-27,0,0,0,0,2019-05,0.0,5,2019,train
2019-05-28,0,0,0,0,2019-05,0.0,5,2019,train
2019-05-29,5,1,5,34,2019-05,19.32,5,2019,train
2019-05-30,0,0,0,0,2019-05,0.0,5,2019,train
2019-05-31,0,0,0,0,2019-05,0.0,5,2019,train
2019-06-01,0,0,0,0,2019-06,0.0,6,2019,train
2019-06-02,71,2,70,502,2019-06,321.23999999999995,6,2019,train
2019-06-03,0,0,0,0,2019-06,0.0,6,2019,train
2019-06-04,36,1,36,293,2019-06,94.48000000000002,6,2019,train
2019-06-05,5,1,5,20,2019-06,49.6,6,2019,train
2019-06-06,5,1,5,46,2019-06,19.39,6,2019,train
2019-06-07,0,0,0,0,2019-06,0.0,6,2019,train
2019-06-08,0,0,0,0,2019-06,0.0,6,2019,train
2019-06-09,0,0,0,0,2019-06,0.0,6,2019,train
2019-06-10,0,0,0,0,2019-06,0.0,6,2019,train
2019-06-11,0,0,0,0,2019-06,0.0,6,2019,train
2019-06-12,0,0,0,0,2019-06,0.0,6,2019,train
2019-06-13,0,0,0,0,2019-06,0.0,6,2019,train
2019-06-14,52,2,48,487,2019-06,136.23,6,2019,train
2019-06-15,0,0,0,0,2019-06,0.0,6,2019,train
2019-06-16,0,0,0,0,2019-06,0.0,6,2019,train
2019-06-17,0,0,0,0,2019-06,0.0,6,2019,train
2019-06-18,0,0,0,0,2019-06,0.0,6,2019,train
2019-06-19,20,1,20,170,2019-06,63.89,6,2019,train
2019-06-20,26,1,26,224,2019-06,74.32,6,2019,train
2019-06-21,0,0,0,0,2019-06,0.0,6,2019,train
2019-06-22,0,0,0,0,2019-06,0.0,6,2019,train
2019-06-23,0,0,0,0,2019-06,0.0,6,2019,train
2019-06-24,0,0,0,0,2019-06,0.0,6,2019,train
2019-06-25,0,0,0,0,2019-06,0.0,6,2019,train
2019-06-26,1,1,1,4,2019-06,1.65,6,2019,train
2019-06-27,10,1,10,68,2019-06,34.75,6,2019,train
2019-06-28,0,0,0,0,2019-06,0.0,6,2019,train
2019-06-29,0,0,0,0,2019-06,0.0,6,2019,train
2019-06-30,0,0,0,0,2019-06,0.0,6,2019,train
2019-07-01,0,0,0,0,2019-07,0.0,7,2019,train
2019-07-02,0,0,0,0,2019-07,0.0,7,2019,train
2019-07-03,33,1,33,338,2019-07,90.92999999999999,7,2019,train
2019-07-04,20,2,20,143,2019-07,96.71000000000001,7,2019,train
2019-07-05,0,0,0,0,2019-07,0.0,7,2019,train
2019-07-06,0,0,0,0,2019-07,0.0,7,2019,train
2019-07-07,0,0,0,0,2019-07,0.0,7,2019,train
2019-07-08,0,0,0,0,2019-07,0.0,7,2019,train
2019-07-09,0,0,0,0,2019-07,0.0,7,2019,train
2019-07-10,2,1,2,13,2019-07,17.55,7,2019,train
2019-07-11,0,0,0,0,2019-07,0.0,7,2019,train
2019-07-12,0,0,0,0,2019-07,0.0,7,2019,train
2019-07-13,0,0,0,0,2019-07,0.0,7,2019,train
2019-07-14,0,0,0,0,2019-07,0.0,7,2019,train
2019-07-15,0,0,0,0,2019-07,0.0,7,2019,train
2019-07-16,0,0,0,0,2019-07,0.0,7,2019,train
2019-07-17,0,0,0,0,2019-07,0.0,7,2019,train
2019-07-18,0,0,0,0,2019-07,0.0,7,2019,train
2019-07-19,0,0,0,0,2019-07,0.0,7,2019,train
2019-07-20,0,0,0,0,2019-07,0.0,7,2019,train
2019-07-21,0,0,0,0,2019-07,0.0,7,2019,train
2019-07-22,0,0,0,0,2019-07,0.0,7,2019,train
2019-07-23,0,0,0,0,2019-07,0.0,7,2019,train
2019-07-24,70,1,70,528,2019-07,247.48999999999998,7,2019,train
2019-07-25,4,1,4,30,2019-07,22.72,7,2019,train
2019-07-26,0,0,0,0,2019-07,0.0,7,2019,train
2019-07-27,0,0,0,0,2019-07,0.0,7,2019,train
2019-07-28,0,0,0,0,2019-07,0.0,7,2019,train
2019-07-29,0,0,0,0,2019-07,0.0,7,2019,train
2019-07-30,39,1,39,242,2019-07,171.79999999999998,7,2019,train
2019-07-31,0,0,0,0,2019-07,0.0,7,2019,train
2019-08-01,21,1,21,131,2019-08,96.25,8,2019,prod
2019-08-02,0,0,0,0,2019-08,0.0,8,2019,prod
2019-08-03,0,0,0,0,2019-08,0.0,8,2019,prod
2019-08-04,0,0,0,0,2019-08,0.0,8,2019,prod
2019-08-05,0,0,0,0,2019-08,0.0,8,2019,prod
2019-08-06,0,0,0,0,2019-08,0.0,8,2019,prod
2019-08-07,0,0,0,0,2019-08,0.0,8,2019,prod
2019-08-08,30,1,30,299,2019-08,60.76,8,2019,prod
2019-08-09,12,1,12,127,2019-08,27.22,8,2019,prod
2019-08-10,0,0,0,0,2019-08,0.0,8,2019,prod
2019-08-11,0,0,0,0,2019-08,0.0,8,2019,prod
2019-08-12,0,0,0,0,2019-08,0.0,8,2019,prod
2019-08-13,0,0,0,0,2019-08,0.0,8,2019,prod
2019-08-14,0,0,0,0,2019-08,0.0,8,2019,prod
2019-08-15,0,0,0,0,2019-08,0.0,8,2019,prod
2019-08-16,44,3,43,365,2019-08,155.37000000000003,8,2019,prod
2019-08-17,0,0,0,0,2019-08,0.0,8,2019,prod
2019-08-18,0,0,0,0,2019-08,0.0,8,2019,prod
2019-08-19,0,0,0,0,2019-08,0.0,8,2019,prod
2019-08-20,0,0,0,0,2019-08,0.0,8,2019,prod
2019-08-21,0,0,0,0,2019-08,0.0,8,2019,prod
2019-08-22,39,2,38,210,2019-08,195.37999999999997,8,2019,prod
2019-08-23,0,0,0,0,2019-08,0.0,8,2019,prod
2019-08-24,0,0,0,0,2019-08,0.0,8,2019,prod
2019-08-25,0,0,0,0,2019-08,0.0,8,2019,prod
2019-08-26,0,0,0,0,2019-08,0.0,8,2019,prod
2019-08-27,0,0,0,0,2019-08,0.0,8,2019,prod
2019-08-28,12,1,12,118,2019-08,27.509999999999998,8,2019,prod
2019-08-29,0,0,0,0,2019-08,0.0,8,2019,prod
2019-08-30,18,2,18,203,2019-08,53.51,8,2019,prod
2019-08-31,0,0,0,0,2019-08,0.0,8,2019,prod
2019-09-01,0,0,0,0,2019-09,0.0,9,2019,prod
2019-09-02,0,0,0,0,2019-09,0.0,9,2019,prod
2019-09-03,0,0,0,0,2019-09,0.0,9,2019,prod
2019-09-04,0,0,0,0,2019-09,0.0,9,2019,prod
2019-09-05,0,0,0,0,2019-09,0.0,9,2019,prod
2019-09-06,45,1,45,372,2019-09,167.88,9,2019,prod
2019-09-07,0,0,0,0,2019-09,0.0,9,2019,prod
2019-09-08,0,0,0,0,2019-09,0.0,9,2019,prod
2019-09-09,0,0,0,0,2019-09,0.0,9,2019,prod
2019-09-10,0,0,0,0,2019-09,0.0,9,2019,prod
2019-09-11,0,0,0,0,2019-09,0.0,9,2019,prod
2019-09-12,0,0,0,0,2019-09,0.0,9,2019,prod
2019-09-13,0,0,0,0,2019-09,0.0,9,2019,prod
2019-09-14,0,0,0,0,2019-09,0.0,9,2019,prod
2019-09-15,0,0,0,0,2019-09,0.0,9,2019,prod
2019-09-16,20,1,20,196,2019-09,50.76,9,2019,prod
2019-09-17,0,0,0,0,2019-09,0.0,9,2019,prod
2019-09-18,32,1,32,261,2019-09,127.9,9,2019,prod
2019-09-19,30,2,29,246,2019-09,102.31,9,2019,prod
2019-09-20,0,0,0,0,2019-09,0.0,9,2019,prod
2019-09-21,0,0,0,0,2019-09,0.0,9,2019,prod
2019-09-22,0,0,0,0,2019-09,0.0,9,2019,prod
2019-09-23,0,0,0,0,2019-09,0.0,9,2019,prod
2019-09-24,0,0,0,0,2019-09,0.0,9,2019,prod
2019-09-25,40,1,40,243,2019-09,181.45,9,2019,prod
2019-09-26,0,0,0,0,2019-09,0.0,9,2019,prod
2019-09-27,0,0,0,0,2019-09,0.0,9,2019,prod
2019-09-28,0,0,0,0,2019-09,0.0,9,2019,prod
2019-09-29,0,0,0,0,2019-09,0.0,9,2019,prod
2019-09-30,0,0,0,0,2019-09,0.0,9,2019,prod
2019-10-01,17,1,17,118,2019-10,69.01,10,2019,prod
2019-10-02,0,0,0,0,2019-10,0.0,10,2019,prod
2019-10-03,0,0,0,0,2019-10,0.0,10,2019,prod
2019-10-04,0,0,0,0,2019-10,0.0,10,2019,prod
2019-10-05,0,0,0,0,2019-10,0.0,10,2019,prod
2019-10-06,0,0,0,0,2019-10,0.0,10,2019,prod
2019-10-07,17,1,17,147,2019-10,47.720000000000006,10,2019,prod
2019-10-08,15,1,15,159,2019-10,43.699999999999996,10,2019,prod
2019-10-09,0,0,0,0,2019-10,0.0,10,2019,prod
2019-10-10,51,1,51,557,2019-10,114.07000000000001,10,2019,prod
2019-10-11,23,1,23,172,2019-10,82.21000000000001,10,2019,prod
2019-10-12,0,0,0,0,2019-10,0.0,10,2019,prod
2019-10-13,0,0,0,0,2019-10,0.0,10,2019,prod
2019-10-14,22,1,22,190,2019-10,73.68999999999998,10,2019,prod
2019-10-15,0,0,0,0,2019-10,0.0,10,2019,prod
2019-10-16,0,0,0,0,2019-10,0.0,10,2019,prod
2019-10-17,0,0,0,0,2019-10,0.0,10,2019,prod
2019-10-18,13,1,13,121,2019-10,59.25,10,2019,prod
2019-10-19,0,0,0,0,2019-10,0.0,10,2019,prod
2019-10-20,0,0,0,0,2019-10,0.0,10,2019,prod
2019-10-21,3,2,3,1,2019-10,15.85,10,2019,prod
2019-10-22,0,0,0,0,2019-10,0.0,10,2019,prod
2019-10-23,33,1,33,209,2019-10,220.35999999999999,10,2019,prod
2019-10-24,0,0,0,0,2019-10,0.0,10,2019,prod
2019-10-25,27,1,27,147,2019-10,136.43999999999997,10,2019,prod
2019-10-26,0,0,0,0,2019-10,0.0,10,2019,prod
2019-10-27,22,1,22,259,2019-10,43.330000000000005,10,2019,prod
2019-10-28,24,1,24,124,2019-10,164.2,10,2019,prod
2019-10-29,0,0,0,0,2019-10,0.0,10,2019,prod
2019-10-30,0,0,0,0,2019-10,0.0,10,2019,prod
2019-10-31,0,0,0,0,2019-10,0.0,10,2019,prod
2019-11-01,72,2,71,600,2019-11,240.13,11,2019,prod
2019-11-02,0,0,0,0,2019-11,0.0,11,2019,prod
2019-11-03,0,0,0,0,2019-11,0.0,11,2019,prod
2019-11-04,24,2,23,202,2019-11,80.11999999999999,11,2019,prod
2019-11-05,28,2,27,212,2019-11,106.48,11,2019,prod
2019-11-06,0,0,0,0,2019-11,0.0,11,2019,prod
2019-11-07,1,1,1,1,2019-11,19.95,11,2019,prod
2019-11-08,0,0,0,0,2019-11,0.0,11,2019,prod
2019-11-09,0,0,0,0,2019-11,0.0,11,2019,prod
2019-11-10,0,0,0,0,2019-11,0.0,11,2019,prod
2019-11-11,0,0,0,0,2019-11,0.0,11,2019,prod
2019-11-12,0,0,0,0,2019-11,0.0,11,2019,prod
2019-11-13,0,0,0,0,2019-11,0.0,11,2019,prod
2019-11-14,62,2,61,520,2019-11,249.99999999999997,11,2019,prod
2019-11-15,17,1,17,171,2019-11,87.74,11,2019,prod
2019-11-16,0,0,0,0,2019-11,0.0,11,2019,prod
2019-11-17,15,1,15,110,2019-11,59.88,11,2019,prod
2019-11-18,0,0,0,0,2019-11,0.0,11,2019,prod
2019-11-19,21,1,21,185,2019-11,55.4,11,2019,prod
2019-11-20,0,0,0,0,2019-11,0.0,11,2019,prod
2019-11-21,1,1,1,0,2019-11,2.55,11,2019,prod
2019-11-22,0,0,0,0,2019-11,0.0,11,2019,prod
2019-11-23,0,0,0,0,2019-11,0.0,11,2019,prod
2019-11-24,0,0,0,0,2019-11,0.0,11,2019,prod
2019-11-25,3,1,3,6,2019-11,21.95,11,2019,prod
2019-11-26,5,1,5,21,2019-11,61.9,11,2019,prod
2019-11-27,0,0,0,0,2019-11,0.0,11,2019,prod
2019-11-28,0,0,0,0,2019-11,0.0,11,2019,prod
2019-11-29,31,2,31,274,2019-11,42.56000000000001,11,2019,prod
2019-11-30,0,0,0,0,2019-11,0.0,11,2019,prod
